"Source","MeandC_corr","SDdC_corr","MeandN","SDdN"
"gadipela",1.1312418972332,0.183287276352115,2.6245757312253,0.311731318926988
"bathy",1.1312418972332,0.183287276352115,2.6245757312253,0.311731318926988
"ceph1",1.1312418972332,0.183287276352115,2.6245757312253,0.311731318926988
"ceph2",1.1312418972332,0.183287276352115,2.6245757312253,0.311731318926988
"gela",1.1312418972332,0.183287276352115,2.6245757312253,0.311731318926988
