"Source","MeandC_corr","SDdC_corr","MeandN","SDdN","n"
"bathy",-18.9119,0.478287027,9.0437,0.400929545,13
"ceph1",-17.6997,0.59010971,10.1128,0.797089782,8
"ceph2",-19.2,0.6453,10.4198,0.4895,6
"gadipela",-18.6061,0.577119329,10.3984,0.424006038,451
"largepel",-18.3709,0.1959,11.1603,0.4352,252
