"Source","MeandC_corr","SDdC_corr","MeandN","SDdN","n"
"bathy",-18.9119,0.478287027,8.4314,0.400929545,13
"ceph1",-17.6997,0.59010971,9.5005,0.797089782,8
"ceph2",-19.2,0.6453,9.8075,0.4895,6
"gadipela",-18.6061,0.577119329,9.7861,0.6656,451
"largepel",-18.0946,0.3089,11.1211,0.7248,212
